id,npc头像,npc立绘,npc通讯录,npc半身,npc名称,是否为特殊npc,完成音效,提醒音效,出场台词
id,img1,img2,img3,img4,npcname,special,voice1,vioce2,word
int,string,string,string,string,string,int,string,string,string
1,Avatar_02,npc_b,addressbook_b,null,主角,0,order_done_npc_b.ogg,notice_order_default.ogg,null
2,Avatar_03,npc_c,addressbook_c,null,妮娜,0,order_done_npc_c.ogg,notice_order_default.ogg,null
3,null,npc_sp_tlp,null,null,建国,1,order_done_npc_sp_tlp.ogg,notice_order_default.ogg,M!A!G!A!
4,UI_zdn_wj_jige,npc_sp_cxk,null,UI_zjm_icon_daka1,鸡哥,1,order_done_npc_sp_cxk.ogg,notice_order_default.ogg,唱跳RAP样样行!
5,null,npc_sp_tl,null,null,小霉,1,order_done_npc_sp_tl.ogg,notice_order_default.ogg,灵感永不枯竭!
6,null,npc_sp_xlz,null,null,小李子,1,order_done_npc_sp_xlz.ogg,notice_order_default.ogg,我的奥斯卡呢?
7,null,npc_sp_qbs,null,null,乔帮主,1,order_done_npc_sp_qbs.ogg,notice_order_default.ogg,一天一个苹果
8,null,npc_sp_cl,null,null,龙哥,1,order_done_npc_sp_cl.ogg,notice_order_default.ogg,Duang!
9,null,npc_sp_msk,null,null,钢丝客,1,order_done_npc_sp_msk.ogg,notice_order_default.ogg,立志要当火星人
10,null,npc_sp_kb,null,null,曼巴哥,1,order_done_npc_sp_kb.ogg,notice_order_default.ogg,曼巴奥特!
11,null,npc_sp_mj,null,null,流行之王,1,order_done_npc_sp_mj.ogg,notice_order_default.ogg,地球当前版本唯一真神
12,null,npc_sp_gaga,null,null,扑克脸女王,1,order_done_npc_sp_gaga.ogg,notice_order_default.ogg,每天造型不重样
13,null,npc_sp_zms,null,null,Taco哥,1,order_done_npc_sp_zms.ogg,notice_order_default.ogg,G!O!A!T!
14,UI_zdn_wj_dingzhen,npc_sp_dingzhen,null,UI_zjm_icon_daka3,纯真哥,1,order_done_npc_sp_dingzhen.ogg,notice_order_default.ogg,芝士雪豹~
15,UI_zdn_wj_wujing,npc_sp_wujing,null,UI_zjm_icon_daka4,兵王,1,order_done_npc_sp_wujing.ogg,notice_order_default.ogg,坦克是没有后视镜的~
16,null,npc_sp_qs,null,null,石头哥,1,order_done_npc_sp_qs.ogg,notice_order_default.ogg,一拳打死一头牛
17,null,npc_sp_zl,null,null,劳拉,1,order_done_npc_sp_zl.ogg,notice_order_default.ogg,皮特你人呢?
18,null,npc_sp_liweisi,null,null,强尼金手,1,order_done_npc_sp_liweisi.ogg,notice_order_default.ogg,没人比我更懂子弹时间
19,null,npc_sp_kuting,null,null,纽碧导演,1,order_done_npc_sp_kuting.ogg,notice_order_default.ogg,暴力美学缔造者!
20,UI_zdn_wj_shanyichun,npc_sp_shanyichun,null,UI_zjm_icon_daka2,打野歌后,1,order_done_npc_sp_shanyichun.ogg,notice_order_default.ogg,如何呢?又能怎?
21,null,npc_sp_bas,null,null,碧局长,1,order_done_npc_sp_biangsi.ogg,notice_order_default.ogg,没人敢说我坏话!
22,null,npc_sp_snoop,null,null,狗爷,1,order_done_npc_sp_snoop.ogg,notice_order_default.ogg,我玩儿的就是西海岸
23,Avatar_04,npc_d,addressbook_d,null,Clara,0,order_done_npc_d.ogg,notice_order_default.ogg,null
24,Avatar_05,npc_g,addressbook_g,null,Zaza,0,order_done_npc_g.ogg,notice_order_default.ogg,null
25,Avatar_06,npc_h,addressbook_h,null,Ah Hu,0,order_done_npc_h.ogg,notice_order_default.ogg,null
26,null,npc_kala_1,null,null,路人1,0,order_done_npc_kala_1.ogg,notice_order_default.ogg,null
27,null,npc_kala_2,null,null,路人2,0,order_done_npc_kala_2.ogg,notice_order_default.ogg,null
28,null,npc_kala_3,null,null,路人3,0,order_done_npc_kala_3.ogg,notice_order_default.ogg,null
29,null,npc_kala_4,null,null,路人4,0,order_done_npc_kala_4.ogg,notice_order_default.ogg,null
30,null,npc_kala_5,null,null,路人5,0,order_done_npc_kala_5.ogg,notice_order_default.ogg,null
31,null,npc_kala_6,null,null,路人6,0,order_done_npc_kala_6.ogg,notice_order_default.ogg,null
32,null,npc_kala_7,null,null,路人7,0,order_done_npc_kala_7.ogg,notice_order_default.ogg,null
33,null,npc_kala_8,null,null,路人8,0,order_done_npc_kala_8.ogg,notice_order_default.ogg,null
34,null,npc_kala_9,null,null,路人9,0,order_done_npc_kala_9.ogg,notice_order_default.ogg,null
35,null,npc_kala_10,null,null,路人10,0,order_done_npc_kala_10.ogg,notice_order_default.ogg,null
36,null,npc_kala_11,null,null,路人11,0,order_done_npc_kala_11.ogg,notice_order_default.ogg,null
37,null,npc_kala_12,null,null,路人12,0,order_done_npc_kala_12.ogg,notice_order_default.ogg,null
38,null,npc_kala_13,null,null,路人13,0,order_done_npc_kala_13.ogg,notice_order_default.ogg,null
39,null,npc_kala_14,null,null,阿宅,0,order_done_npc_kala_14.ogg,notice_order_default.ogg,null
40,null,npc_kala_15,null,null,路人15,0,order_done_npc_kala_15.ogg,notice_order_default.ogg,null
41,null,npc_kala_16,null,null,路人16,0,order_done_npc_kala_16.ogg,notice_order_default.ogg,null
42,null,npc_sp_lixiaolong,null,null,李小尤,1,order_done_npc_sp_lixiaolong.ogg,notice_order_default.ogg,啊~打打打打!
43,null,npc_sp_aiyinsitan,null,null,爱因斯坦,1,order_done_npc_sp_aiyinsitan.ogg,notice_order_default.ogg,派对时间也是相对的
44,null,npc_sp_baofengbing,null,null,风暴兵,1,order_done_npc_sp_baofengbing.ogg,notice_order_default.ogg,今天不用吃原力
45,UI_zdn_wj_baozupo,npc_sp_baozupo,null,UI_zjm_icon_daka5,包租婆,1,order_done_npc_sp_baozupo.ogg,notice_order_default.ogg,该交水费啦!
46,UI_zdn_wj_nidahong,npc_sp_nidahong,null,UI_zjm_icon_daka7,苏老强,1,order_done_npc_sp_nidahong.ogg,notice_order_default.ogg,我要喝手磨咖啡!
47,UI_zdn_wj_sunhonglei,npc_sp_sunhonglei,null,UI_zjm_icon_daka8,华弓虽,1,order_done_npc_sp_sunhonglei.ogg,notice_order_default.ogg,这瓜保熟吗?
48,UI_zdn_wj_juan,npc_sp_juan,null,UI_zjm_icon_daka6,娟儿,1,order_done_npc_sp_juan.ogg,notice_order_default.ogg,好烦，到了富婆的年纪~
49,null,npc_sp_zhongjiezhe,null,null,州长,1,order_done_npc_sp_zhongjiezhe.ogg,notice_order_default.ogg,我会回来的!
50,UI_zdn_wj_saonv,npc_sp_saonv,null,UI_zjm_icon_daka9,刺激姐,1,order_done_npc_sp_saonv.ogg,notice_order_default.ogg,我知道你想说什么
51,null,npc_kala_17,null,null,路人15,0,order_done_npc_kala_17.ogg,notice_order_default.ogg,null
52,null,npc_kala_18,null,null,路人16,0,order_done_npc_kala_18.ogg,notice_order_default.ogg,null
53,null,npc_kala_19,null,null,路人17,0,order_done_npc_kala_19.ogg,notice_order_default.ogg,null
54,null,npc_kala_20,null,null,路人18,0,order_done_npc_kala_20.ogg,notice_order_default.ogg,null
55,null,npc_kala_21,null,null,路人19,0,order_done_npc_kala_21.ogg,notice_order_default.ogg,null
56,null,npc_kala_22,null,null,路人20,0,order_done_npc_kala_22.ogg,notice_order_default.ogg,null
57,null,npc_kala_23,null,null,路人21,0,order_done_npc_kala_23.ogg,notice_order_default.ogg,null
58,null,npc_kala_24,null,null,路人22,0,order_done_npc_kala_24.ogg,notice_order_default.ogg,null
59,null,npc_kala_25,null,null,路人23,0,order_done_npc_kala_25.ogg,notice_order_default.ogg,null
60,null,npc_kala_26,null,null,路人24,0,order_done_npc_kala_26.ogg,notice_order_default.ogg,null
